﻿<?xml version="1.0" encoding="utf-8"?>
<Elements xmlns="http://schemas.microsoft.com/sharepoint/">
  <Receivers ListUrl="/solutions/LMS/PAISAT/Lists/BulkUploadNotifications">
      <Receiver>
        <Name>EmailEvntRcvrItemAdded</Name>
        <Type>ItemAdded</Type>
        <Assembly>$SharePoint.Project.AssemblyFullName$</Assembly>
        <Class>PDO.Solutions.PAISAT.EventReceivers.EmailEvntRcvr.EmailEvntRcvr</Class>
        <SequenceNumber>10000</SequenceNumber>
      </Receiver>
      <Receiver>
        <Name>EmailEvntRcvrItemUpdated</Name>
        <Type>ItemUpdated</Type>
        <Assembly>$SharePoint.Project.AssemblyFullName$</Assembly>
        <Class>PDO.Solutions.PAISAT.EventReceivers.EmailEvntRcvr.EmailEvntRcvr</Class>
        <SequenceNumber>10000</SequenceNumber>
      </Receiver>
  </Receivers>
</Elements>
