﻿<?xml version="1.0" encoding="utf-8"?>
<Elements xmlns="http://schemas.microsoft.com/sharepoint/">
  <Receivers ListUrl="/solutions/LMS/PAISAT/Lists/Employees">
      <Receiver>
        <Name>MIMEvntRcvrItemAdded</Name>
        <Type>ItemAdded</Type>
        <Assembly>$SharePoint.Project.AssemblyFullName$</Assembly>
        <Class>PDO.Solutions.PAISAT.EventReceivers.MIMEvntRcvr.MIMEvntRcvr</Class>
        <SequenceNumber>10000</SequenceNumber>
      </Receiver>
      <Receiver>
        <Name>MIMEvntRcvrItemUpdated</Name>
        <Type>ItemUpdated</Type>
        <Assembly>$SharePoint.Project.AssemblyFullName$</Assembly>
        <Class>PDO.Solutions.PAISAT.EventReceivers.MIMEvntRcvr.MIMEvntRcvr</Class>
        <SequenceNumber>10000</SequenceNumber>
      </Receiver>
  </Receivers>
</Elements>
