﻿<?xml version="1.0" encoding="utf-8"?>
<Elements xmlns="http://schemas.microsoft.com/sharepoint/">
  <Receivers ListUrl="/solutions/LMS/ISAT/Lists/Slides">
  <Receiver>
<Name>SlidesEventReceiverItemUpdated</Name>
<Type>ItemUpdated</Type>
<Assembly>PDO.Solutions.LMS, Version=1.0.0.0, Culture=neutral, PublicKeyToken=69711fe90a82e3b4</Assembly>
<Class>PDO.Solutions.LMS.SlidesEventReceiver.SlidesEventReceiver</Class>
<SequenceNumber>10000</SequenceNumber>
</Receiver>
</Receivers>
</Elements>
