﻿<?xml version="1.0" encoding="utf-8"?>
<Solution xmlns="http://schemas.microsoft.com/sharepoint/" SolutionId="258696d5-5773-4411-b589-3a7fa67464ea" SharePointProductVersion="15.0">
  <Assemblies>
    <Assembly Location="PDO.Solutions.LMS.Utilities.dll" DeploymentTarget="GlobalAssemblyCache" />
    <Assembly Location="PDO.Solutions.LMS.DAL.dll" DeploymentTarget="GlobalAssemblyCache" />
    <Assembly Location="PDO.Solutions.LMS.BL.dll" DeploymentTarget="GlobalAssemblyCache" />
    <Assembly Location="PDO.Solutions.LMS.dll" DeploymentTarget="GlobalAssemblyCache">
      <SafeControls>
        <SafeControl Assembly="PDO.Solutions.LMS, Version=1.0.0.0, Culture=neutral, PublicKeyToken=69711fe90a82e3b4" Namespace="PDO.Solutions.LMS.StartModule" TypeName="*" />
      </SafeControls>
    </Assembly>
  </Assemblies>
  <TemplateFiles>
    <TemplateFile Location="CONTROLTEMPLATES\PDO.Solutions.LMS\StartModule\StartModuleUserControl.ascx" />
  </TemplateFiles>
  <FeatureManifests>
    <FeatureManifest Location="PDO.Solutions.LMS_PDO.Solutions.LMS\Feature.xml" />
  </FeatureManifests>
</Solution>
