﻿<?xml version="1.0" encoding="utf-8"?>
<Elements xmlns="http://schemas.microsoft.com/sharepoint/">
  <Receivers ListUrl="/solutions/LMS/ISAT/Lists/Employees">
    <Receiver>
      <Name>EmployeesEventReceiverItemAdded</Name>
      <Type>ItemAdded</Type>
      <Assembly>$SharePoint.Project.AssemblyFullName$</Assembly>
      <Class>PDO.Solutions.LMS.EmployeesEventReceiver.EmployeesEventReceiver</Class>
      <SequenceNumber>10000</SequenceNumber>
    </Receiver>
    <Receiver>
      <Name>EmployeesEventReceiverItemUpdated</Name>
      <Type>ItemUpdated</Type>
      <Assembly>$SharePoint.Project.AssemblyFullName$</Assembly>
      <Class>PDO.Solutions.LMS.EmployeesEventReceiver.EmployeesEventReceiver</Class>
      <SequenceNumber>10000</SequenceNumber>
    </Receiver>
  </Receivers>
</Elements>
