﻿<?xml version="1.0" encoding="utf-8"?>
<Elements xmlns="http://schemas.microsoft.com/sharepoint/">
  <Receivers ListUrl="/solutions/LMS/PAISAT/Lists/Slides">
      <Receiver>
        <Name>SlidesEvntRcvrItemUpdated</Name>
        <Type>ItemUpdated</Type>
        <Assembly>$SharePoint.Project.AssemblyFullName$</Assembly>
        <Class>PDO.Solutions.PAISAT.EventReceivers.SlidesEvntRcvr.SlidesEvntRcvr</Class>
        <SequenceNumber>10000</SequenceNumber>
      </Receiver>
  </Receivers>
</Elements>
